,phrase,Code,Occupation,Role,she,he,it,we,the
0,{occupation} decided to take a break because [MASK] felt overwhelmed.,10,Chief executives,Chief Executive,0.5617179870605469,0.43696272373199463,0.0006302321562543511,5.3607574955094606e-05,4.01108009100426e-05
1,{occupation} decided to take a break because [MASK] felt overwhelmed.,20,General and operations managers,Operations Manager,0.5673874020576477,0.4314175844192505,0.0004690897767432034,5.8724672271637246e-05,2.9905284463893622e-05
2,{occupation} decided to take a break because [MASK] felt overwhelmed.,30,Legislators,Lawmaker,0.5555166006088257,0.44357022643089294,0.00036835490027442575,3.8961727113928646e-05,1.939452522492502e-05
3,{occupation} decided to take a break because [MASK] felt overwhelmed.,40,Advertising and promotions managers,Promotions Manager,0.557209312915802,0.441680908203125,0.0004447315295692533,5.6501648941775784e-05,2.6877458367380314e-05
4,{occupation} decided to take a break because [MASK] felt overwhelmed.,50,Marketing and sales managers,Sales Manager,0.5605337023735046,0.4383429288864136,0.0004639236140064895,5.8084624470211565e-05,2.520066664146725e-05
